2021-08-23 10:46:07;48.1;123.73$;123.73
2021-08-23 10:59:56;48.3;124.25$;124.25
2021-08-23 13:00:23;49.05;126.18$;1.93
2021-08-23 13:11:47;49.46;127.23$;1.05
2021-08-23 15:06:15;48.69;125.25$;-1.98
2021-08-23 16:30:34;48.56;124.92$;-0.33
2021-08-24 10:05:45;50.41;129.68$;4.76
2021-08-24 10:44:56;49.72;127.9$;-1.78
2021-08-24 10:51:06;49.92;128.42$;0.51
2021-08-24 11:02:48;49.59;127.57$;-0.85
2021-08-24 11:18:57;49.46;127.23$;-0.33
2021-08-24 12:14:18;49.35;126.95$;-0.28
2021-08-24 13:23:52;49.48;127.28$;0.33
2021-08-25 10:36:08;50.58;130.11$;2.83
2021-08-25 11:06:48;49.24;126.67$;-3.45
2021-08-25 11:46:36;50.41;129.68$;3.01
2021-08-25 11:53:22;50.37;129.57$;-0.1
2021-08-25 17:46:32;50.59;130.14$;0.57
2021-08-26 00:12:42;46.87;120.57$;-9.57
2021-08-26 09:55:50;43.7;112.41$;-8.15
2021-08-26 14:22:13;44.27;113.88$;1.47
2021-08-26 18:33:41;43.91;112.96$;-0.93
2021-08-27 10:15:59;45.71;117.59$;4.63
2021-08-27 16:49:20;46.82;120.44$;2.86
2021-08-27 17:48:51;46.56;119.77$;-0.67
2021-08-27 19:33:04;48.88;125.74$;5.97
2021-08-27 22:51:52;48.5;124.76$;-0.98
2021-08-28 11:07:18;46.89;120.62$;-4.14
2021-08-28 11:38:07;47.98;123.42$;2.8
2021-08-28 14:02:50;46.8;120.39$;-3.04
2021-08-28 14:16:09;46.78;120.34$;-0.05
2021-08-28 14:24:56;47.44;122.04$;1.7
2021-08-28 18:00:28;48.17;123.91$;1.88
2021-08-28 22:17:26;49.91;128.39$;4.48
2021-08-29 00:18:35;49.76;128$;-0.39
2021-08-29 15:26:45;47.95;123.35$;-4.66
2021-08-29 18:36:31;47.44;122.04$;-1.31
2021-08-29 21:35:52;48.8;125.53$;3.5
2021-08-29 23:10:54;48.87;125.71$;0.18
2021-08-30 00:38:31;48.39;124.48$;-1.23
2021-08-30 09:09:17;46.07;118.51$;-5.97
2021-09-08 18:50:24;36.8;94.67$;-23.85
2021-09-08 19:21:06;37.24;95.8$;1.13
2021-09-08 19:51:30;37.01;95.21$;-0.59
2021-09-08 21:34:24;37.31;95.98$;0.77
2021-09-09 03:55:53;36.75;94.54$;-1.44
2021-09-09 04:56:58;37.27;95.87$;1.34
2021-09-09 08:16:38;42.68;109.79$;13.92
2021-09-09 12:27:25;41.68;107.22$;-2.57
2021-09-09 14:03:21;42.44;109.17$;1.96
2021-09-10 05:53:20;45.03;115.84$;6.66
2021-09-10 12:44:20;45.27;116.45$;0.62
2021-09-10 14:28:01;48.15;123.86$;7.41
2021-09-10 16:43:32;44.09;113.42$;-10.44
2021-09-10 22:46:10;47.29;121.65$;8.23
2021-09-11 02:18:19;49.6;127.59$;5.94
2021-09-11 09:23:44;49.46;127.23$;-0.36
2021-09-11 17:52:28;51;131.19$;3.96
2021-09-11 22:37:19;55.8;143.54$;12.35
2021-09-12 04:54:14;55.93;143.88$;0.33
2021-09-12 07:07:53;61.37;157.87$;13.99
2021-09-12 11:48:37;62.08;159.7$;1.83
2021-09-12 13:08:19;63.63;163.68$;3.99
2021-09-12 18:20:33;61.25;157.56$;-6.12
2021-09-12 21:47:43;62.05;159.62$;2.06
2021-09-13 06:38:45;53.97;138.83$;-20.79
2021-09-13 09:41:52;52.5;135.05$;-3.78
2021-09-13 13:25:06;52.67;135.49$;0.44
2021-09-13 21:07:59;53.08;136.54$;1.05
2021-09-13 23:10:41;54.15;139.3$;2.75
2021-09-14 00:46:00;54.38;139.89$;0.59
2021-09-14 02:32:20;52.76;135.72$;-4.17
2021-09-14 08:39:44;55.68;143.23$;7.51
2021-09-14 10:45:13;55.25;142.13$;-1.11
2021-09-14 12:32:23;54.36;139.84$;-2.29
2021-09-14 14:58:31;53.17;136.78$;-3.06
2021-09-14 16:08:22;50.99;131.17$;-5.61
2021-09-14 16:23:23;51.57;132.66$;1.49
2021-09-14 20:14:06;51.63;132.81$;0.15
2021-09-14 20:21:41;51.26;131.86$;-0.95
2021-09-14 20:29:08;51.16;131.61$;-0.26
2021-09-14 20:29:16;51.16;0;0
2021-09-14 21:44:11;51.32;132.02$;0.41
2021-09-15 06:18:37;50.68;130.37$;-1.65
2021-09-15 08:24:58;52.65;135.44$;5.07
2021-09-15 13:30:23;53.7;138.14$;2.7
2021-09-15 14:32:01;52.97;136.26$;-1.88
2021-09-15 19:38:13;53.16;136.75$;0.49
2021-09-15 20:05:11;52.97;136.26$;-0.49
2021-09-15 20:11:19;53.01;136.36$;0.1
2021-09-16 05:42:51;58.24;149.82$;13.45
2021-09-16 10:40:41;59.78;153.78$;3.96
2021-09-16 10:53:15;60.45;0;1.72
2021-09-16 11:44:31;61.28;0;2.14
2021-09-16 11:50:26;61.3;0;0.05
2021-09-16 13:51:59;60.01;0;-3.32
2021-09-16 14:00:59;60.34;155.22$;0.85
2021-09-16 14:04:56;60.37;155.3$;0.08
2021-09-16 14:46:09;61.16;157.33$;2.03
2021-09-16 15:13:28;60.67;156.07$;-1.26
2021-09-16 19:11:24;66.41;170.83$;14.77
2021-09-16 19:18:32;66.32;170.6$;-0.23
2021-09-16 22:23:39;65.82;169.32$;-1.29
2021-09-17 07:32:21;64.78;166.64$;-2.68
2021-09-17 08:59:15;64.53;166$;-0.64
2021-09-17 09:02:29;64.57;166.1$;0.1
2021-09-17 10:06:36;62.97;161.99$;-4.12
2021-09-17 10:38:25;63.99;164.61$;2.62
2021-09-17 11:20:32;63.32;162.89$;-1.72
2021-09-17 15:32:39;64.41;165.69$;2.8
2021-09-17 19:19:31;65.82;169.32$;3.63
2021-09-17 19:39:26;65.68;168.96$;-0.36
2021-09-17 23:39:56;65.86;169.42$;0.46
2021-09-18 02:30:43;71.34;183.52$;14.1
2021-09-18 04:05:47;72.87;187.45$;3.94
2021-09-18 08:41:31;74.12;190.67$;3.22
2021-09-18 10:48:04;73.19;188.28$;-2.39
2021-09-18 13:11:12;71.42;183.72$;-4.55
2021-09-18 13:17:51;71.08;182.85$;-0.87
2021-09-18 13:38:38;71.2;183.16$;0.31
2021-09-18 15:00:52;71.84;184.8$;1.65
2021-09-18 15:01:24;71.84;184.8$;0
2021-09-18 15:02:23;71.83;184.78$;-0.03
2021-09-18 19:17:05;69.91;179.84$;-4.94
2021-09-18 19:21:53;69.83;179.63$;-0.21
2021-09-19 03:07:15;67.23;172.94$;-6.69
2021-09-19 04:21:03;70.45;181.23$;8.28
2021-09-19 05:39:29;69.58;178.99$;-2.24
2021-09-19 06:55:21;69.72;179.35$;0.36
2021-09-19 21:31:45;73.09;188.02$;8.67
2021-09-20 03:33:49;68.22;175.49$;-12.53
2021-09-20 06:40:56;65.49;168.47$;-7.02
2021-09-20 08:28:55;65.6;168.75$;0.28
2021-09-20 12:11:34;63.32;162.89$;-5.87
2021-09-20 12:49:19;63.46;163.25$;0.36
2021-09-20 15:30:19;60.86;156.56$;-6.69
2021-09-20 19:12:00;62.17;159.93$;3.37
2021-09-20 19:30:51;61.84;159.08$;-0.85
2021-09-20 22:52:43;59.34;152.65$;-6.43
2021-09-21 06:46:01;56.53;145.42$;-7.23
2021-09-21 06:52:41;56.42;145.14$;-0.28
2021-09-21 15:12:05;62.9;161.81$;16.67
2021-09-21 15:29:47;63.7;163.86$;2.06
2021-09-21 16:08:45;64.19;165.12$;1.26
2021-09-21 21:37:10;62.38;160.47$;-4.66
2021-09-22 07:03:53;62.05;159.62$;-0.85
2021-09-22 10:19:03;64.13;164.97$;5.35
2021-09-22 12:41:31;63.51;163.37$;-1.59
2021-09-22 15:59:51;62.52;160.83$;-2.55
2021-09-23 00:26:49;70.69;181.84$;21.02
2021-09-23 09:04:18;78.57;202.12$;20.27
2021-09-23 10:29:45;78.82;202.76$;0.64
2021-09-23 12:41:16;75.53;194.3$;-8.46
2021-09-23 13:41:35;75.23;193.52$;-0.77
2021-09-23 15:02:35;76.71;197.33$;3.81
2021-09-23 15:32:19;76.65;197.18$;-0.15
2021-09-23 16:28:24;76.72;197.36$;0.18
2021-09-23 18:59:41;73.52;189.12$;-8.23
2021-09-23 19:50:29;76;195.5$;6.38
2021-09-23 20:46:22;75.17;193.37$;-2.14
2021-09-24 00:03:09;76.76;197.46$;4.09
2021-09-24 07:27:36;72.55;186.63$;-10.83
2021-09-24 15:22:27;69.73;179.38$;-7.25
2021-09-24 15:51:24;71.85;184.83$;5.45
2021-09-24 21:57:37;71.53;184.01$;-0.82
2021-09-25 01:44:06;73.4;188.82$;4.81
2021-09-25 07:47:18;71.26;183.31$;-5.51
2021-09-25 08:29:19;71.41;183.7$;0.39
2021-09-25 10:20:57;69.81;179.58$;-4.12
2021-09-25 11:07:30;70.82;182.18$;2.6
2021-09-25 13:35:12;70.45;181.23$;-0.95
2021-09-25 15:19:32;71.54;184.03$;2.8
2021-09-26 00:47:12;69.11;177.78$;-6.25
2021-09-26 04:18:15;64.82;166.74$;-11.04
2021-09-26 09:28:55;64.61;166.2$;-0.54
2021-09-26 11:14:04;64.64;166.28$;0.08
2021-09-26 14:12:44;67.69;174.13$;7.85
2021-09-26 21:38:02;68.57;176.39$;2.26
2021-09-26 22:35:21;68.79;176.96$;0.57
2021-09-27 01:32:15;67.03;172.43$;-4.53
2021-09-27 05:35:27;68.61;176.49$;4.06
2021-09-27 08:27:55;69.89;179.79$;3.29
2021-09-27 09:39:55;68.59;176.44$;-3.34
2021-09-27 12:35:04;69.6;179.04$;2.6
2021-09-27 21:52:18;68.94;177.34$;-1.7
2021-09-27 23:51:51;67.89;174.64$;-2.7
2021-09-28 03:25:02;66.87;172.02$;-2.62
2021-09-28 06:20:38;69.24;178.11$;6.1
2021-09-28 12:44:34;66.24;170.4$;-7.72
2021-09-28 19:21:40;62.72;161.34$;-9.05
2021-09-28 23:55:19;64.2;165.15$;3.81
2021-09-29 09:15:58;65.91;169.55$;4.4
2021-09-29 09:36:51;66.12;170.09$;0.54
2021-09-29 10:14:47;65.86;169.42$;-0.67
2021-09-29 14:01:56;65.28;167.93$;-1.49
2021-09-29 20:42:17;63.78;164.07$;-3.86
2021-09-30 02:56:05;66.87;172.02$;7.95
2021-09-30 03:06:17;67.16;172.76$;0.75
2021-09-30 04:35:52;67.9;174.67$;1.9
2021-10-01 04:58:55;65.16;167.62$;-7.05
2021-10-01 07:56:26;64.67;166.36$;-1.26
2021-10-01 09:50:57;65.48;168.44$;2.08
2021-10-01 22:57:44;68.01;174.95$;6.51
2021-10-02 09:32:01;67.07;172.53$;-2.42
2021-10-02 12:31:08;66.97;172.28$;-0.26
2021-10-02 12:55:48;66.79;171.81$;-0.46
2021-10-02 23:17:56;71.78;184.65$;12.84
2021-10-03 02:05:57;69.59;179.02$;-5.63
2021-10-03 04:50:36;70.35;180.97$;1.96
2021-10-03 09:56:22;70.32;180.89$;-0.08
2021-10-03 10:34:43;70.7;181.87$;0.98
2021-10-03 12:09:50;69.74;179.4$;-2.47
2021-10-04 00:19:23;68.75;176.85$;-2.55
2021-10-04 10:10:14;67.35;173.25$;-3.6
2021-10-04 13:56:35;66.12;170.09$;-3.16
2021-10-04 17:45:48;65.42;168.29$;-1.8
2021-10-04 19:24:04;66.03;169.86$;1.57
2021-10-04 23:59:42;65.33;168.06$;-1.8
2021-10-05 08:16:31;65.54;168.6$;0.54
2021-10-05 09:05:21;65.65;168.88$;0.28
2021-10-05 10:27:23;65.79;169.24$;0.36
2021-10-05 15:31:01;65.5;168.49$;-0.75
2021-10-05 18:38:55;63.55;163.48$;-5.02
2021-10-05 23:53:32;65.63;168.83$;5.35
2021-10-06 08:33:29;62.54;160.88$;-7.95
2021-10-06 09:16:44;61.98;159.44$;-1.44
2021-10-06 10:05:31;61.8;158.98$;-0.46
2021-10-06 13:25:50;60.56;155.79$;-3.19
2021-10-06 13:33:41;60.55;155.76$;-0.03
2021-10-07 00:10:00;60.25;154.99$;-0.77
2021-10-07 09:26:02;59.08;151.98$;-3.01
2021-10-07 10:43:22;61.57;158.38$;6.41
2021-10-07 11:26:29;61.3;157.69$;-0.69
2021-10-07 13:37:34;60.17;154.78$;-2.91
2021-10-07 19:04:31;59.31;152.57$;-2.21
2021-10-07 19:46:44;59.27;152.47$;-0.1
2021-10-07 22:48:06;60.79;156.38$;3.91
2021-10-08 07:33:01;62.6;161.03$;4.66
2021-10-08 11:14:15;63.95;164.51$;3.47
2021-10-08 15:35:03;62.68;161.24$;-3.27
2021-10-08 19:47:05;62.05;159.62$;-1.62
2021-10-09 05:29:28;61.06;157.07$;-2.55
2021-10-09 06:52:29;61.18;157.38$;0.31
2021-10-09 11:27:50;60.35;155.25$;-2.14
2021-10-09 15:04:47;61.22;157.48$;2.24
2021-10-09 15:14:23;61.44;158.05$;0.57
2021-10-09 17:54:43;61.26;157.59$;-0.46
2021-10-10 11:02:16;60.21;154.89$;-2.7
2021-10-10 11:05:41;60.2;154.86$;-0.03
2021-10-10 11:15:06;59.96;154.24$;-0.62
2021-10-10 17:24:32;59.7;153.57$;-0.67
2021-10-10 20:18:55;58.9;151.52$;-2.06
2021-10-10 20:32:51;58.84;151.36$;-0.15
2021-10-11 01:02:43;57.1;146.89$;-4.48
2021-10-11 01:50:57;56.67;145.78$;-1.11
2021-10-11 17:57:24;56.56;145.5$;-0.28
2021-10-11 20:00:59;55.65;143.16$;-2.34
2021-10-12 01:27:47;55.26;142.15$;-1
2021-10-12 06:13:42;53.44;137.47$;-4.68
2021-10-12 09:36:59;53.55;137.75$;0.28
2021-10-12 13:31:03;52.51;135.08$;-2.68
2021-10-13 11:25:31;55.49;142.74$;7.67
2021-10-13 17:26:07;55.25;142.13$;-0.62
2021-10-14 05:27:06;56.59;145.57$;3.45
2021-10-15 13:23:08;55.38;142.46$;-3.11
2021-10-15 13:24:22;55.38;142.46$;0
2021-10-15 14:06:30;55.23;142.08$;-0.39
2021-10-15 18:56:41;55.76;143.44$;1.36
2021-10-16 04:32:07;56.71;145.88$;2.44
2021-10-16 08:44:14;57.16;147.04$;1.16
2021-10-16 10:16:16;57.04;146.73$;-0.31
2021-10-16 10:43:39;57.2;147.14$;0.41
2021-10-16 15:02:35;59.71;153.6$;6.46
2021-10-16 17:02:48;59.06;151.93$;-1.67
2021-10-16 18:23:41;60.22;154.91$;2.98
2021-10-16 22:17:28;58.46;150.38$;-4.53
2021-10-17 05:14:16;57.91;148.97$;-1.41
2021-10-17 06:35:22;58.41;150.26$;1.29
2021-10-17 08:56:40;58.22;149.77$;-0.49
2021-10-17 10:35:25;58.25;149.84$;0.08
2021-10-17 14:02:57;58.03;149.28$;-0.57
2021-10-17 16:55:41;57.34;147.5$;-1.78
2021-10-17 19:03:17;56.56;145.5$;-2.01
2021-10-17 21:54:50;55.98;144$;-1.49
2021-10-17 22:49:06;54.62;140.51$;-3.5
2021-10-18 06:07:03;55.8;143.54$;3.04
2021-10-18 06:59:24;55.85;143.67$;0.13
2021-10-18 07:57:39;55.91;143.82$;0.15
2021-10-18 11:30:23;55.25;142.13$;-1.7
2021-10-18 19:55:17;55.11;141.77$;-0.36
2021-10-18 20:52:44;55.09;141.71$;-0.05
2021-10-19 04:17:03;55.71;143.31$;1.59
2021-10-19 14:24:17;56.2;144.57$;1.26
2021-10-19 15:29:25;57.64;148.27$;3.7
2021-10-19 20:05:31;56.94;146.47$;-1.8
2021-10-20 08:54:49;57.01;146.65$;0.18
2021-10-20 12:48:01;57.18;147.09$;0.44
2021-10-21 08:51:46;60.92;156.71$;9.62
2021-10-21 15:46:29;62.43;160.6$;3.88
2021-10-21 19:09:48;60.04;154.45$;-6.15
2021-10-22 06:06:10;64.68;166.38$;11.94
2021-10-22 09:58:52;65.2;167.72$;1.34
2021-10-22 10:27:44;65.08;167.41$;-0.31
2021-10-22 18:43:35;67.17;172.79$;5.38
2021-10-22 22:18:06;65.4;168.24$;-4.55
2021-10-23 06:10:13;67.33;173.2$;4.96
2021-10-23 11:43:24;66.13;170.11$;-3.09
2021-10-23 12:27:16;66.29;170.53$;0.41
2021-10-23 18:54:00;66.24;170.4$;-0.13
2021-10-24 00:38:53;65.93;169.6$;-0.8
2021-10-24 09:33:22;65.92;169.57$;-0.03
2021-10-24 17:48:42;63.3;162.83$;-6.74
2021-10-25 13:30:31;66.34;170.65$;7.82
2021-10-25 21:18:19;67.11;172.64$;1.98
2021-10-26 06:31:12;70.78;182.08$;9.44
2021-10-26 15:35:19;70.18;180.53$;-1.54
2021-10-26 18:26:04;69.89;179.79$;-0.75
2021-10-26 22:08:53;71.17;183.08$;3.29
2021-10-27 05:56:38;68.48;176.16$;-6.92
2021-10-27 16:37:23;62.13;159.82$;-16.33
2021-10-28 06:57:07;61.98;159.44$;-0.39
2021-10-28 14:54:29;64.14;165$;5.56
2021-10-29 06:16:12;65.35;168.11$;3.11
2021-10-29 11:03:09;64.84;166.8$;-1.31
2021-10-29 15:51:16;64.37;165.59$;-1.21
2021-10-29 17:06:29;64.77;166.62$;1.03
2021-10-29 22:22:15;65.65;168.88$;2.26
2021-10-30 03:04:55;64.18;165.1$;-3.78
2021-10-30 13:43:33;63.25;162.71$;-2.39
2021-10-30 19:17:32;62.57;160.96$;-1.75
2021-10-30 20:38:14;62.53;160.85$;-0.1
2021-10-30 23:52:59;62.14;159.85$;-1
2021-10-31 05:56:00;63.35;162.96$;3.11
2021-10-31 11:11:43;62.07;159.67$;-3.29
2021-10-31 14:26:41;61.23;157.51$;-2.16
2021-11-01 09:38:00;63.91;164.4$;6.89
2021-11-01 17:32:56;65.67;168.93$;4.53
2021-11-01 19:50:18;64.34;165.51$;-3.42
2021-11-02 04:23:14;65.14;167.57$;2.06
2021-11-02 16:29:04;65.62;168.8$;1.23
2021-11-03 05:58:50;70.4;181.1$;12.3
2021-11-03 10:24:04;71.08;182.85$;1.75
2021-11-03 15:07:21;69.08;177.7$;-5.14
2021-11-04 06:13:47;80.46;206.98$;29.27
2021-11-05 06:32:17;78.46;201.83$;-5.14
2021-11-05 16:56:34;74.85;192.55$;-9.29
2021-11-06 06:14:17;75.05;193.06$;0.51
2021-11-06 16:42:04;74.39;191.36$;-1.7
2021-11-06 21:06:24;77.04;198.18$;6.82
2021-11-07 11:30:51;83.56;214.95$;16.77
2021-11-07 14:05:52;84.73;217.96$;3.01
2021-11-07 15:12:29;84.17;216.52$;-1.44
2021-11-07 21:29:45;88.24;226.99$;10.47
2021-11-07 22:19:13;86.89;223.52$;-3.47
2021-11-08 06:28:28;91.67;235.81$;12.3
2021-11-08 12:37:04;92.48;237.9$;2.08
2021-11-08 13:18:38;93.68;240.98$;3.09
2021-11-08 15:44:46;95.45;245.54$;4.55
2021-11-09 09:39:59;88.87;228.61$;-16.93
2021-11-09 19:00:34;88.6;227.92$;-0.69
2021-11-10 00:11:29;90.11;231.8$;3.88
2021-11-10 07:08:53;92.6;238.21$;6.41
2021-11-10 10:18:01;92.06;236.82$;-1.39
2021-11-10 14:28:52;89.21;229.49$;-7.33
2021-11-10 15:16:04;90.55;232.93$;3.45
2021-11-11 06:19:16;86.95;223.67$;-9.26
2021-11-11 09:54:43;88.57;227.84$;4.17
2021-11-11 10:17:48;89.55;230.36$;2.52
2021-11-12 08:25:44;85.8;220.71$;-9.65
2021-11-12 09:34:48;86.62;222.82$;2.11
2021-11-12 11:54:51;84.11;216.37$;-6.46
2021-11-13 06:25:34;86.21;221.77$;5.4
2021-11-13 13:00:57;87.63;225.42$;3.65
2021-11-13 15:19:51;88.58;227.87$;2.44
2021-11-13 16:21:27;92.15;237.05$;9.18
2021-11-14 04:18:34;96.2;247.47$;10.42
2021-11-14 14:35:44;96.27;247.65$;0.18
2021-11-14 19:57:27;92.3;237.43$;-10.21
2021-11-15 02:35:09;94.86;244.02$;6.59
2021-11-15 04:18:39;101.09;260.05$;16.03
2021-11-15 09:09:30;98.15;252.48$;-7.56
2021-11-15 14:43:38;97.51;250.84$;-1.65
2021-11-15 14:57:32;97.37;250.48$;-0.36
2021-11-15 15:34:28;96.76;248.91$;-1.57
2021-11-16 00:55:55;94.36;242.73$;-6.17
2021-11-16 03:55:40;90.71;233.34$;-9.39
2021-11-16 15:34:48;91.73;235.97$;2.62
2021-11-16 17:22:44;92.55;238.08$;2.11
2021-11-16 23:39:07;101.72;261.67$;23.59
2021-11-17 03:51:06;95.72;246.23$;-15.43
2021-11-17 05:06:03;95.56;245.82$;-0.41
2021-11-17 09:08:23;97.71;251.35$;5.53
2021-11-17 15:09:07;103.78;266.97$;15.61
2021-11-17 22:49:10;105.56;271.55$;4.58
2021-11-18 05:55:46;105.92;272.47$;0.93
2021-11-18 15:00:32;102.23;262.98$;-9.49
2021-11-18 21:09:32;99.82;256.78$;-6.2
2021-11-19 04:32:09;97.94;251.94$;-4.84
2021-11-19 15:24:58;110.66;284.66$;32.72
2021-11-20 10:28:45;118.81;305.63$;20.97
2021-11-20 16:33:01;119.95;308.56$;2.93
2021-11-20 17:23:30;118.2;304.06$;-4.5
2021-11-20 21:28:58;129.72;333.69$;29.63
2021-11-21 06:18:06;134.21;345.25$;11.55
2021-11-21 11:42:38;135.28;348$;2.75
2021-11-22 03:08:05;132.91;341.9$;-6.1
2021-11-22 15:06:19;135.43;348.38$;6.48
2021-11-22 15:22:44;133.45;343.29$;-5.09
2021-11-22 15:25:59;133.28;342.85$;-0.44
2021-11-22 20:54:23;138.91;357.34$;14.48
2021-11-23 10:17:35;129.8;333.9$;-23.43
2021-11-23 15:40:44;127.54;328.09$;-5.81
2021-11-23 20:35:48;128.36;330.2$;2.11
2021-11-24 10:03:37;120.65;310.36$;-19.83
2021-11-24 16:52:56;116.94;300.82$;-9.54
2021-11-25 02:39:08;121.92;313.63$;12.81
2021-11-25 10:27:08;121.05;311.39$;-2.24
2021-11-25 15:34:59;128.2;329.78$;18.39
2021-11-25 19:36:18;121.63;312.88$;-16.9
2021-11-26 12:55:57;104;267.53$;-45.35
2021-11-26 15:22:32;110.79;285$;17.47
2021-11-26 20:51:35;109.75;282.32$;-2.68
2021-11-27 09:15:27;106.92;275.04$;-7.28
2021-11-27 18:58:07;115.18;296.29$;21.25
2021-11-28 00:37:44;111.42;286.62$;-9.67
2021-11-28 11:37:10;108.99;280.37$;-6.25
2021-11-28 13:20:18;108.56;279.26$;-1.11
2021-11-30 07:07:19;115.78;297.84$;18.57
2021-11-30 08:57:07;115.96;298.3$;0.46
2021-11-30 09:19:54;116.62;300$;1.7
2021-11-30 18:34:07;123.22;316.97$;16.98
2021-11-30 18:39:56;123.72;318.26$;1.29
2021-11-30 19:46:56;123.21;316.95$;-1.31
2021-11-30 19:47:13;123.21;316.95$;0
2021-11-30 20:08:19;124.16;319.39$;2.44
2021-12-01 01:11:24;120.77;310.67$;-8.72
2021-12-01 14:25:25;123.45;317.57$;6.89
2021-12-01 18:13:42;126.03;324.2$;6.64
2021-12-02 12:07:26;117.73;302.85$;-21.35
2021-12-02 19:24:41;111.89;287.83$;-15.02
2021-12-03 12:32:28;111.39;286.54$;-1.29
2021-12-04 07:52:10;93.56;240.68$;-45.87
2021-12-22 13:38:14;122.8;315.89$;75.22
2021-12-23 11:37:24;118.99;306.09$;-9.8
2021-12-24 16:08:05;122.24;314.45$;8.36
2021-12-25 10:59:51;115.56;297.27$;-17.18
2021-12-25 14:30:25;116.28;299.12$;1.85
2021-12-25 18:55:36;114.3;294.03$;-5.09
2021-12-26 21:51:38;116.34;299.28$;5.25
2021-12-28 14:06:33;115.84;297.99$;-1.29
2021-12-29 21:07:55;105.73;271.98$;-26.01
2021-12-29 23:45:18;106.69;274.45$;2.47
2021-12-30 14:44:42;105.26;270.77$;-3.68
2021-12-30 14:47:21;105.19;270.59$;-0.18
2022-01-02 21:31:50;113.05;290.81$;20.22
2022-01-04 18:45:44;108.69;279.6$;-11.22
2022-01-05 12:27:19;105.4;271.13$;-8.46
2022-01-05 12:38:29;104.7;269.33$;-1.8
2022-01-06 12:52:59;92.16;237.07$;-32.26
2022-01-07 22:00:38;88.61;227.94$;-9.13
2022-01-08 12:22:44;86.82;223.34$;-4.6
2022-01-10 12:08:48;87.3;224.57$;1.23
2022-01-11 13:21:08;86.18;221.69$;-2.88
2022-01-11 14:11:06;86.63;222.85$;1.16
2022-01-12 07:42:43;91.59;235.61$;12.76
2022-01-12 08:55:30;90.52;232.86$;-2.75
2022-01-12 12:15:46;94.01;241.83$;8.98
2022-01-13 09:53:50;95.4;245.41$;3.58
2022-01-13 13:14:00;94.39;242.81$;-2.6
2022-01-13 22:09:23;91.85;236.28$;-6.53
2022-01-14 14:32:36;89.51;230.26$;-6.02
2022-01-15 18:02:16;93.05;239.36$;9.11
2022-01-15 18:41:41;92.92;239.03$;-0.33
2022-01-16 14:59:42;93.76;241.19$;2.16
2022-01-18 08:47:00;86.71;223.05$;-18.14
2022-01-18 12:47:28;85.79;220.69$;-2.37
2022-01-18 13:15:02;85.9;220.97$;0.28
2022-01-19 09:32:01;81.7;210.17$;-10.8
2022-01-19 10:57:57;82.88;213.2$;3.04
2022-01-19 19:22:23;84.96;218.55$;5.35
2022-01-20 09:52:25;84.61;217.65$;-0.9
2022-01-22 10:23:23;59.34;152.65$;-65.01
2022-01-22 10:29:14;59.37;152.72$;0.08
2022-01-22 17:01:47;57.5;147.91$;-4.81
2022-01-23 00:21:51;59.67;153.5$;5.58
2022-01-25 19:03:39;67.88;174.62$;21.12
2022-01-26 09:16:43;68.72;176.78$;2.16
2022-01-26 09:19:20;68.59;176.44$;-0.33
2022-01-27 16:17:42;67.7;174.15$;-2.29
2022-01-28 09:57:53;64.06;164.79$;-9.36
2022-01-28 20:12:33;65.47;168.42$;3.63
2022-01-29 01:10:23;67.58;173.84$;5.43
2022-01-29 15:00:53;71.41;183.7$;9.85
2022-01-29 21:29:25;72.4;186.24$;2.55
2022-01-29 23:15:28;72.01;185.24$;-1
2022-01-31 10:57:58;66.43;170.89$;-14.35
2022-01-31 12:37:21;66.12;170.09$;-0.8
2022-01-31 19:49:31;70.08;180.28$;10.19
2022-01-31 23:29:25;69.92;179.86$;-0.41
2022-02-01 10:11:15;71.04;182.75$;2.88
2022-02-01 16:36:30;70.29;180.82$;-1.93
2022-02-01 23:00:28;72.07;185.39$;4.58
2022-02-03 18:33:56;67.63;173.97$;-11.42
2022-02-04 14:24:45;71.26;183.31$;9.34
2022-02-04 16:44:32;74.13;190.69$;7.38
2022-02-04 18:25:17;75.8;194.99$;4.3
2022-02-04 19:06:47;76.32;196.33$;1.34
2022-02-05 10:38:51;79.24;203.84$;7.51
2022-02-05 15:11:49;78.52;201.99$;-1.85
2022-02-05 17:12:33;78.56;202.09$;0.1
2022-02-06 09:58:55;77.73;199.95$;-2.14
2022-02-06 18:41:36;76.8;197.56$;-2.39
2022-02-08 18:15:12;84.17;216.52$;18.96
2022-02-08 19:13:52;84.24;216.7$;0.18
2022-02-08 19:49:25;85.84;220.82$;4.12
2022-02-09 08:43:35;87.76;225.76$;4.94
2022-02-09 13:27:36;88.57;227.84$;2.08
2022-02-09 22:09:03;91.44;235.22$;7.38
2022-02-10 16:37:24;91.43;235.2$;-0.03
2022-02-10 20:52:11;92;236.66$;1.47
2022-02-10 20:57:01;91.57;235.56$;-1.11
2022-02-11 07:18:26;88.54;227.76$;-7.79
2022-02-11 09:53:10;89.16;229.36$;1.59
2022-02-11 15:53:30;90.88;233.78$;4.42
2022-02-11 17:10:01;90.61;233.09$;-0.69
2022-02-12 10:20:13;82.1;211.2$;-21.89
2022-02-12 10:58:18;82.11;211.22$;0.03
2022-02-12 23:13:05;81.04;208.47$;-2.75
2022-02-13 08:32:15;83.05;213.64$;5.17
2022-02-13 09:52:22;83.19;214$;0.36
2022-02-13 20:08:51;78.36;201.58$;-12.42
2022-02-15 16:47:39;89.06;229.1$;27.52
2022-02-16 12:32:30;94.69;243.58$;14.48
2022-02-16 16:38:45;93.13;239.57$;-4.01
2022-02-16 17:01:23;93.49;240.5$;0.93
2022-02-16 19:48:15;92.59;238.18$;-2.32
2022-02-16 19:55:51;92.92;239.03$;0.85
2022-02-17 18:15:09;90.1;231.78$;-7.25
2022-02-17 20:37:57;88.31;227.17$;-4.6
2022-02-17 22:45:46;88.16;226.78$;-0.39
2022-02-18 13:33:12;87.54;225.19$;-1.59
2022-02-19 11:29:03;84.82;218.19$;-7
2022-02-20 03:51:53;84.42;217.16$;-1.03
2022-02-20 19:26:31;79.17;203.66$;-13.51
2022-02-20 20:29:20;79.39;204.22$;0.57
2022-02-20 21:39:15;78.59;202.17$;-2.06
2022-02-21 10:54:19;81.25;209.01$;6.84
2022-02-21 16:58:57;78.46;201.83$;-7.18
2022-02-21 17:18:34;78.72;202.5$;0.67
2022-02-23 16:01:37;80.76;207.75$;5.25
2022-02-24 15:14:51;67.71;174.18$;-33.57
2022-02-24 15:35:27;67.44;173.48$;-0.69
2022-02-26 11:44:24;79.07;203.4$;29.92
2022-02-26 18:40:59;82.8;213$;9.6
2022-02-28 16:49:50;81.85;210.55$;-2.44
2022-03-01 16:24:52;87.92;226.17$;15.61
2022-03-03 04:37:50;81.87;210.6$;-15.56
2022-03-03 18:35:10;77.78;200.08$;-10.52
2022-03-04 20:15:28;78.24;201.27$;1.18
2022-03-07 10:13:47;73.37;188.74$;-12.53
2022-03-07 19:29:57;73.64;189.43$;0.69
2022-03-08 16:55:51;72.5;186.5$;-2.93
2022-03-08 22:28:19;73.19;188.28$;1.78
2022-03-09 16:50:04;78.88;202.91$;14.64
2022-03-10 21:15:39;73.12;188.1$;-14.82
2022-03-12 11:28:28;72.19;185.7$;-2.39
2022-03-14 18:32:58;66.47;170.99$;-14.71
2022-03-15 15:51:31;68.6;176.47$;5.48
2022-03-16 13:25:09;70.65;181.74$;5.27
2022-03-16 14:10:00;70.31;180.87$;-0.87
2022-03-16 14:15:37;70.09;180.3$;-0.57
2022-03-16 19:23:06;70.3;180.84$;0.54
2022-03-16 22:46:00;73.07;187.97$;7.13
2022-03-18 10:36:21;79.42;204.3$;16.33
2022-03-19 04:37:21;87.45;224.96$;20.66
2022-03-19 16:03:36;89.85;231.13$;6.17
2022-03-19 17:12:58;90;231.52$;0.39
2022-03-19 19:37:34;90.85;233.7$;2.19
2022-03-19 21:01:55;91.1;234.35$;0.64
2022-03-20 19:57:58;85.86;220.87$;-13.48
2022-03-22 17:52:46;86.15;221.61$;0.75
2022-03-22 17:54:33;85.91;221$;-0.62
2022-03-23 07:35:39;85.42;219.74$;-1.26
2022-03-23 11:22:51;84.47;217.29$;-2.44
2022-03-23 23:23:36;85.17;219.09$;1.8
2022-03-24 09:16:58;85.25;219.3$;0.21
2022-03-24 16:50:15;87.35;224.7$;5.4
2022-03-24 17:19:26;87.61;225.37$;0.67
2022-03-24 17:31:42;87.87;226.04$;0.67
2022-03-25 05:55:58;86.64;222.87$;-3.16
2022-03-25 17:25:27;84.89;218.37$;-4.5
2022-03-25 21:48:16;84.02;216.14$;-2.24
2022-03-26 22:42:57;85.64;220.3$;4.17
2022-03-28 00:13:38;87.95;226.24$;5.94
2022-03-28 16:27:11;91.66;235.79$;9.54
2022-03-28 18:57:02;93.44;240.37$;4.58
2022-03-29 10:51:57;93.6;240.78$;0.41
2022-03-29 16:12:57;94.06;241.96$;1.18
2022-03-29 16:18:42;93.94;241.65$;-0.31
2022-03-29 18:31:01;92.13;237$;-4.66
2022-03-29 22:39:24;93.29;239.98$;2.98
2022-03-30 22:26:40;95.49;245.64$;5.66
2022-03-31 20:14:06;95.38;245.36$;-0.28
2022-04-01 16:31:37;94.27;242.5$;-2.86
2022-04-01 20:09:27;98.43;253.2$;10.7
2022-04-03 00:27:43;97.64;251.17$;-2.03
2022-04-03 11:26:56;97.64;251.17$;0
2022-04-03 13:10:33;98.45;253.26$;2.08
2022-04-04 13:49:01;95.77;246.36$;-6.89
2022-04-04 20:09:50;91.5;235.38$;-10.98
2022-04-05 12:28:17;95.5;245.67$;10.29
2022-04-05 18:35:20;93.97;241.73$;-3.94
2022-04-05 19:11:57;93.62;240.83$;-0.9
2022-04-06 18:09:54;85.17;219.09$;-21.74
2022-04-07 11:49:59;84.71;217.91$;-1.18
2022-04-07 22:58:17;87.7;225.6$;7.69
2022-04-09 00:32:20;84.66;217.78$;-7.82
2022-04-09 22:55:41;83.32;214.33$;-3.45
2022-04-09 23:04:28;83.03;213.59$;-0.75
2022-04-11 11:21:17;78.75;202.58$;-11.01
2022-04-11 11:48:55;77.67;199.8$;-2.78
2022-04-11 13:34:55;76.28;196.22$;-3.58
2022-04-11 15:13:47;75.73;194.81$;-1.41
2022-04-11 15:25:56;75.47;194.14$;-0.67
2022-04-11 15:57:57;76.05;195.63$;1.49
2022-04-11 16:07:04;76.3;196.28$;0.64
2022-04-11 16:11:34;76.35;196.4$;0.13
2022-04-11 16:18:42;76.14;195.86$;-0.54
2022-04-11 16:47:56;76.12;195.81$;-0.05
2022-04-13 15:27:28;76.36;196.43$;0.62
2022-04-15 13:09:03;77.96;200.55$;4.12
2022-04-15 18:07:59;76.49;196.76$;-3.78
2022-04-16 14:17:42;77.56;199.52$;2.75
2022-04-16 14:35:05;77.64;199.72$;0.21
2022-04-16 16:46:30;77.92;200.44$;0.72
2022-04-16 16:53:20;77.98;200.6$;0.15
2022-04-16 17:19:58;77.59;199.59$;-1
2022-04-16 19:47:56;77.05;198.21$;-1.39
2022-04-17 10:15:37;77.95;200.52$;2.32
2022-04-17 18:53:57;78.59;202.17$;1.65
2022-04-17 22:02:11;77.86;200.29$;-1.88
2022-04-17 22:21:50;77.76;200.03$;-0.26
2022-04-17 22:31:19;77.77;200.06$;0.03
2022-04-18 09:34:10;73.29;188.53$;-11.52
2022-04-18 18:48:10;74.81;192.44$;3.91
2022-04-19 16:45:37;79.92;205.59$;13.15
2022-04-19 16:55:56;79.9;205.54$;-0.05
2022-04-19 17:15:25;80.5;207.08$;1.54
2022-04-19 17:25:31;80.66;207.49$;0.41
2022-04-19 17:40:18;80.55;207.21$;-0.28
2022-04-19 23:42:47;79.75;205.15$;-2.06
2022-04-20 19:06:49;78.46;201.83$;-3.32
2022-04-20 20:57:37;77.93;200.47$;-1.36
2022-04-20 21:25:39;77.98;200.6$;0.13
2022-04-20 21:35:30;77.98;200.6$;0
2022-04-21 14:44:41;79.55;204.64$;4.04
2022-04-21 22:33:06;76.62;197.1$;-7.54
2022-04-21 22:55:48;75.66;194.63$;-2.47
2022-04-22 03:50:25;75.78;194.94$;0.31
2022-04-22 04:03:18;75.85;195.12$;0.18
2022-04-22 04:19:24;75.8;194.99$;-0.13
2022-04-22 04:33:30;75.81;195.02$;0.03
2022-04-22 04:49:11;75.93;195.32$;0.31
2022-04-22 05:01:09;75.6;194.48$;-0.85
2022-04-22 05:10:10;75.61;194.5$;0.03
2022-04-22 05:24:09;76.02;195.56$;1.05
2022-04-22 05:39:18;75.99;195.48$;-0.08
2022-04-22 05:42:08;76.07;195.68$;0.21
2022-04-22 05:58:01;76.18;195.97$;0.28
2022-04-22 06:02:10;76.05;195.63$;-0.33
2022-04-22 06:02:51;76.05;195.63$;0
2022-04-22 06:09:31;76.12;195.81$;0.18
2022-04-22 06:17:02;76.18;195.97$;0.15
2022-04-22 06:33:02;76.42;196.58$;0.62
2022-04-22 06:44:40;76.35;196.4$;-0.18
2022-04-23 04:28:21;73.87;190.03$;-6.38
2022-04-23 06:46:09;73.54;189.18$;-0.85
2022-04-23 07:03:28;74.05;190.49$;1.31
2022-04-23 17:07:45;73.85;189.97$;-0.51
2022-04-24 14:04:48;72.87;187.45$;-2.52
2022-04-24 15:52:50;72.64;186.86$;-0.59
2022-04-24 20:49:25;72.16;185.63$;-1.23
2022-04-24 22:00:11;72.51;186.53$;0.9
2022-04-24 22:18:59;72.33;186.06$;-0.46
2022-04-24 22:32:57;72.1;185.47$;-0.59
2022-04-24 23:00:26;71.96;185.11$;-0.36
2022-04-24 23:14:20;71.9;184.96$;-0.15
2022-04-25 01:05:32;72.15;185.6$;0.64
2022-04-25 04:50:01;70.04;180.17$;-5.43
2022-04-25 16:49:02;70.05;180.2$;0.03
2022-04-25 21:29:16;71.3;183.41$;3.22
2022-04-27 12:32:15;70.6;181.61$;-1.8
2022-04-27 13:01:22;70.78;182.08$;0.46
2022-04-28 15:20:09;69.13;177.83$;-4.24
2022-04-29 13:49:52;65.84;169.37$;-8.46
2022-04-29 13:58:19;65.74;169.11$;-0.26
2022-04-29 14:41:33;66.26;170.45$;1.34
2022-04-29 14:49:51;66.54;171.17$;0.72
2022-04-29 17:26:06;65.31;168.01$;-3.16
2022-04-29 21:43:34;63.44;163.19$;-4.81
2022-05-01 12:11:32;59.16;152.18$;-11.01
2022-05-01 12:36:44;59.62;153.37$;1.18
2022-05-01 13:10:16;59.32;152.6$;-0.77
2022-05-01 13:38:57;59.01;151.8$;-0.8
2022-05-01 14:30:00;58.77;151.18$;-0.62
2022-05-01 14:50:56;58.53;150.56$;-0.62
2022-05-02 12:43:23;58.11;149.48$;-1.08
2022-05-02 21:47:27;59.8;153.83$;4.35
2022-05-03 10:18:36;61.42;158$;4.17
2022-05-03 13:46:20;61.05;157.05$;-0.95
2022-05-03 13:57:06;61.14;157.28$;0.23
2022-05-03 20:17:53;59.62;153.37$;-3.91
2022-05-04 00:30:45;60;154.35$;0.98
2022-05-04 07:32:33;59.69;153.55$;-0.8
2022-05-04 08:41:23;60.13;154.68$;1.13
2022-05-04 15:41:58;61.22;157.48$;2.8
2022-05-04 17:32:32;60.51;155.66$;-1.83
2022-05-04 17:40:13;60.44;155.48$;-0.18
2022-05-04 20:47:29;62.56;160.93$;5.45
2022-05-05 12:34:23;66.06;169.93$;9
2022-05-05 12:49:30;66.28;170.5$;0.57
2022-05-05 22:40:22;59.01;151.8$;-18.7
2022-05-06 18:27:06;56.75;145.99$;-5.81
2022-05-06 18:51:23;57.13;146.96$;0.98
2022-05-06 20:07:38;56.75;145.99$;-0.98
2022-05-06 20:38:45;56.6;145.6$;-0.39
2022-05-07 14:32:47;56.7;145.86$;0.26
2022-05-07 14:51:22;56.94;146.47$;0.62
2022-05-08 00:04:23;55.31;142.28$;-4.19
2022-05-09 23:52:02;45.31;116.56$;-25.72
2022-05-10 15:53:50;48.65;125.15$;8.59
2022-05-10 18:29:24;47.01;120.93$;-4.22
2022-05-11 22:48:01;29.55;76.02$;-44.91
2022-05-12 11:43:02;28.34;72.9$;-3.11
2022-05-12 12:16:47;27.91;71.8$;-1.11
2022-05-12 14:29:53;27.75;71.38$;-0.41
2022-05-14 21:29:09;31.49;81.01$;9.62
2022-05-15 12:52:18;33.58;86.38$;5.38
2022-05-15 15:38:29;34.3;88.23$;1.85
2022-05-15 23:21:28;35.79;92.07$;3.83
2022-05-16 07:17:44;34.22;88.03$;-4.04
2022-05-16 07:17:49;34.22;88.03$;0
2022-05-19 10:08:57;29.3;75.37$;-12.66
2022-05-20 01:55:58;30.48;78.41$;3.04
2022-05-20 22:40:01;29.26;75.27$;-3.14
2022-05-21 17:34:05;29.68;76.35$;1.08
2022-05-21 23:04:00;29.58;76.09$;-0.26
2022-05-24 20:36:30;28.59;73.55$;-2.55
2022-05-24 23:09:45;28.83;74.16$;0.62
2022-05-25 13:44:57;27.77;71.44$;-2.73
2022-05-26 21:27:57;24.37;62.69$;-8.75
2022-05-27 19:21:01;22.46;57.78$;-4.91
2022-05-28 11:13:07;22.64;58.24$;0.46
2022-05-28 13:54:29;22.71;58.42$;0.18
2022-05-29 13:14:38;25.68;66.06$;7.64
2022-06-01 08:39:08;25.75;66.24$;0.18
2022-06-01 19:49:38;24.38;62.72$;-3.52
2022-06-02 11:52:56;23.54;60.55$;-2.16
2022-06-05 23:30:06;24.61;63.31$;2.75
2022-06-06 18:34:19;25.78;66.32$;3.01
2022-06-07 16:37:27;24.19;62.23$;-4.09
2022-06-08 11:42:28;24.7;63.54$;1.31
2022-06-08 23:17:59;24.24;62.36$;-1.18
2022-06-10 13:24:47;23.98;61.69$;-0.67
2022-06-10 20:27:27;22.46;57.78$;-3.91
2022-06-11 07:47:38;22.58;58.09$;0.31
2022-06-15 15:11:53;15.85;40.77$;-17.31
2022-06-16 15:00:39;16.36;42.08$;1.31
2022-06-16 17:12:44;16.2;41.67$;-0.41
2022-06-16 17:19:56;16.24;41.78$;0.1
2022-06-16 17:30:14;16.36;42.08$;0.31
2022-06-17 21:06:06;16.02;41.21$;-0.87
2022-06-19 11:35:03;14.56;37.45$;-3.76
2022-06-22 06:30:31;16.27;41.85$;4.4
2022-06-23 05:45:07;16.67;42.88$;1.03
2022-06-23 09:22:09;17.52;45.07$;2.19
2022-06-23 13:43:31;17.85;45.92$;0.85
2022-06-24 12:09:49;19.15;49.26$;3.34
2022-06-24 12:17:02;19.16;49.29$;0.03
2022-06-24 12:56:11;19.4;49.91$;0.62
2022-06-24 13:04:00;19.44;50.01$;0.1
2022-06-25 11:15:06;21.07;54.2$;4.19
2022-06-25 17:28:00;20.29;52.19$;-2.01
2022-06-25 17:55:56;20.08;51.65$;-0.54
2022-06-25 18:10:34;19.97;51.37$;-0.28
2022-06-26 13:43:18;21.24;54.64$;3.27
2022-06-27 12:14:22;21.12;54.33$;-0.31
2022-06-27 12:24:19;21.15;54.41$;0.08
2022-06-27 12:26:54;21.16;54.43$;0.03
2022-06-27 12:33:57;21.15;54.41$;-0.03
2022-06-27 12:54:26;21.23;54.61$;0.21
2022-06-27 13:18:55;21.28;54.74$;0.13
2022-06-27 13:29:04;21.12;54.33$;-0.41
2022-06-27 14:12:41;20.92;53.82$;-0.51
2022-06-27 14:18:55;20.86;53.66$;-0.15
2022-06-27 15:34:08;20.86;53.66$;0
2022-06-27 15:39:12;20.69;53.22$;-0.44
2022-06-27 16:01:29;20.16;51.86$;-1.36
2022-06-28 23:29:29;18.72;48.16$;-3.7
2022-06-30 06:31:42;17.34;44.61$;-3.55
2022-06-30 21:15:15;16.1;41.42$;-3.19
2022-06-30 23:16:39;16.25;41.8$;0.39
2022-07-01 16:12:04;16.16;41.57$;-0.23
2022-07-02 17:28:04;16.29;41.9$;0.33
2022-07-09 12:25:55;20.11;51.73$;9.83
2022-07-09 19:31:30;20.1;51.71$;-0.03
2022-07-09 19:54:29;20.13;51.78$;0.08
2022-07-12 10:49:01;17.43;44.84$;-6.95
2022-07-12 12:16:29;17.58;45.22$;0.39
2022-07-12 13:16:15;17.59;45.25$;0.03
2022-07-12 14:37:02;17.74;45.63$;0.39
2022-07-16 20:39:52;21.07;54.2$;8.57
2022-07-19 20:02:25;25.62;65.91$;11.7
2022-07-20 17:14:29;25.81;66.39$;0.49
2022-07-22 16:17:32;24.65;63.41$;-2.98
2022-07-26 09:17:30;20.63;53.07$;-10.34
2022-07-26 14:49:17;20.55;52.86$;-0.21
2022-07-26 18:15:26;19.91;51.22$;-1.65
2022-07-27 17:50:50;21.21;54.56$;3.34
2022-07-27 19:06:51;21.06;54.18$;-0.39
2022-07-27 19:17:36;20.99;54$;-0.18
2022-07-27 19:56:55;21.14;54.38$;0.39
2022-07-27 20:06:29;21.68;55.77$;1.39
2022-07-27 20:12:21;21.6;55.56$;-0.21
2022-07-27 20:20:21;21.9;56.34$;0.77
2022-07-27 20:45:23;22.75;58.52$;2.19
2022-07-27 21:11:38;22.85;58.78$;0.26
2022-07-27 21:24:49;23.16;59.58$;0.8
2022-07-29 02:59:07;24.46;62.92$;3.34
2022-07-29 02:59:45;24.46;62.92$;0
2022-07-29 15:58:46;24.12;62.05$;-0.87
2022-08-01 19:07:39;23.47;60.37$;-1.67
2022-08-01 19:35:11;23.23;59.76$;-0.62
2022-08-02 17:31:49;23;59.17$;-0.59
2022-08-03 20:11:03;23.94;61.58$;2.42
2022-08-06 06:56:38;25.15;64.7$;3.11
2022-08-06 07:42:25;25.08;64.52$;-0.18
2022-08-06 20:28:38;26.63;68.5$;3.99
2022-08-07 19:35:02;28.03;72.11$;3.6
2022-08-08 19:49:17;28.9;74.34$;2.24
2022-08-08 21:48:47;28.68;73.78$;-0.57
2022-08-08 23:08:36;28.84;74.19$;0.41
2022-08-09 06:35:35;28.14;72.39$;-1.8
2022-08-10 15:55:52;29.8;76.66$;4.27
2022-08-10 16:11:38;29.81;76.68$;0.03
2022-08-10 16:29:19;29.67;76.32$;-0.36
2022-08-10 17:00:05;29.86;76.81$;0.49
2022-08-10 18:22:21;29.53;75.96$;-0.85
2022-08-11 05:45:40;29.4;75.63$;-0.33
2022-08-11 08:06:54;29.79;76.63$;1
2022-08-11 08:30:05;29.89;76.89$;0.26
2022-08-12 15:41:18;28.71;73.85$;-3.04
2022-08-12 16:01:56;28.85;74.21$;0.36
2022-08-12 16:40:50;29.06;74.75$;0.54
2022-08-12 16:54:11;29.02;74.65$;-0.1
2022-08-14 16:53:51;28.81;74.11$;-0.54
2022-08-15 14:38:00;27.74;71.36$;-2.75
2022-08-15 15:21:42;27.74;71.36$;0
2022-08-15 15:34:35;27.79;71.49$;0.13
2022-08-15 15:45:41;27.75;71.38$;-0.1
2022-08-15 16:25:28;27.9;71.77$;0.39
2022-08-15 16:30:26;27.87;71.69$;-0.08
2022-08-15 16:45:15;27.89;71.74$;0.05
2022-08-15 16:59:22;27.84;71.62$;-0.13
2022-08-15 17:07:39;27.82;71.56$;-0.05
2022-08-15 17:24:55;27.81;71.54$;-0.03
2022-08-15 23:37:50;27.82;71.56$;0.03
2022-08-17 20:30:30;26.51;68.19$;-3.37
2022-08-18 01:30:33;25.37;65.26$;-2.93
2022-08-18 02:59:18;25.76;66.27$;1
2022-08-18 03:22:25;25.75;66.24$;-0.03
2022-08-18 03:27:47;25.78;66.32$;0.08
2022-08-18 12:08:39;26.07;67.06$;0.75
2022-08-18 12:23:41;26.08;67.09$;0.03
2022-08-18 14:14:36;26.2;67.4$;0.31
2022-08-19 09:11:11;22.36;57.52$;-9.88
2022-08-19 14:36:59;22.46;57.78$;0.26
2022-08-19 15:14:42;22.81;58.68$;0.9
2022-08-20 11:18:39;22.81;58.68$;0
2022-08-20 12:13:26;22.82;58.7$;0.03
2022-08-20 12:21:11;22.83;58.73$;0.03
2022-08-20 12:42:31;22.76;58.55$;-0.18
2022-08-20 13:40:44;22.83;58.73$;0.18
2022-08-21 14:52:30;22.97;59.09$;0.36
2022-08-21 15:06:13;22.97;59.09$;0
2022-08-21 20:55:02;22.91;58.93$;-0.15
2022-08-23 11:43:24;22.58;58.09$;-0.85
2022-08-24 21:51:44;23.56;60.61$;2.52
2022-08-25 22:38:05;23.02;59.22$;-1.39
2022-08-26 01:01:53;23.03;59.24$;0.03
2022-08-27 19:58:50;20.21;51.99$;-7.25
2022-08-27 21:30:33;20.19;51.94$;-0.05
2022-08-28 20:43:43;20.03;51.53$;-0.41
2022-08-29 22:22:36;19.09;49.11$;-2.42
2022-08-31 15:00:53;19.79;50.91$;1.8
2022-08-31 19:29:05;19.47;50.09$;-0.82
2022-08-31 21:10:22;19.32;49.7$;-0.39
2022-09-01 06:57:10;19.24;49.49$;-0.21
2022-09-01 09:41:48;18.93;48.7$;-0.8
2022-09-01 12:09:04;18.98;48.82$;0.13
2022-09-02 10:48:41;19.21;49.42$;0.59
2022-09-02 11:07:09;19.22;49.44$;0.03
2022-09-02 11:38:56;19.27;49.57$;0.13
2022-09-02 20:46:09;19.08;49.08$;-0.49
2022-09-03 20:18:36;18.88;48.57$;-0.51
2022-09-04 00:20:34;18.89;48.59$;0.03
2022-09-04 01:00:32;18.88;48.57$;-0.03
2022-09-04 21:15:12;18.95;48.75$;0.18
2022-09-04 21:33:38;18.97;48.8$;0.05
2022-09-04 21:43:01;18.97;48.8$;0
2022-09-05 09:37:49;18.82;48.41$;-0.39
2022-09-07 19:07:28;18.63;47.92$;-0.49
2022-09-07 22:34:38;19.03;48.95$;1.03
2022-09-08 01:32:27;19.11;49.16$;0.21
2022-09-08 21:41:15;18.88;48.57$;-0.59
2022-09-08 22:00:41;18.96;48.77$;0.21
2022-09-08 22:24:17;19.04;48.98$;0.21
2022-09-08 23:03:38;18.99;48.85$;-0.13
2022-09-09 19:25:11;20.39;52.45$;3.6
2022-09-09 21:53:51;20.27;52.14$;-0.31
2022-09-09 22:09:05;20.27;52.14$;0
2022-09-09 23:43:02;20.34;52.32$;0.18
2022-09-10 00:15:16;20.3;52.22$;-0.1
2022-09-11 01:46:24;20.59;52.97$;0.75
2022-09-11 19:58:43;20.73;53.33$;0.36
2022-09-12 08:03:54;20.34;52.32$;-1
2022-09-12 20:25:07;21.1;54.28$;1.96
2022-09-13 19:03:35;19.75;50.81$;-3.47
2022-09-13 22:42:20;19.35;49.78$;-1.03
2022-09-15 12:43:07;18.92;48.67$;-1.11
2022-09-16 04:39:01;18.04;46.41$;-2.26
2022-09-17 07:45:44;18.16;46.72$;0.31
2022-09-17 10:45:40;18.29;47.05$;0.33
2022-09-17 21:59:53;18.39;47.31$;0.26
2022-09-19 02:34:38;16.84;43.32$;-3.99
2022-09-19 14:40:38;16.92;43.53$;0.21
2022-09-21 14:51:07;17.02;43.78$;0.26
2022-09-21 15:15:20;17.02;43.78$;0
2022-09-21 23:38:38;16.38;42.14$;-1.65
2022-09-22 01:43:40;16.57;42.63$;0.49
2022-09-22 10:09:11;17.17;44.17$;1.54
2022-09-23 03:54:43;17.66;45.43$;1.26
2022-09-23 11:10:07;17.54;45.12$;-0.31
2022-09-25 16:32:57;17.51;45.04$;-0.08
2022-09-26 12:45:26;17.41;44.79$;-0.26
2022-09-26 18:27:08;17.35;44.63$;-0.15
2022-09-27 05:57:22;18.02;46.36$;1.72
2022-09-27 07:34:31;18.02;46.36$;0
2022-09-27 07:41:32;18.02;46.36$;0
2022-09-27 08:17:26;18.11;46.59$;0.23
2022-09-27 08:55:17;18.22;46.87$;0.28
2022-09-27 17:26:26;18.07;46.48$;-0.39
2022-09-27 18:31:52;17.54;45.12$;-1.36
2022-09-28 23:43:51;17.35;44.63$;-0.49
2022-09-29 00:23:52;17.32;44.55$;-0.08
2022-09-29 01:34:30;17.33;44.58$;0.03
2022-09-29 01:45:33;17.3;44.5$;-0.08
2022-09-30 17:54:18;17.44;44.86$;0.36
2022-10-02 18:34:29;16.83;43.29$;-1.57
2022-10-02 19:01:18;16.79;43.19$;-0.1
2022-10-02 21:06:43;16.81;43.24$;0.05
2022-10-04 19:05:33;17.41;44.79$;1.54
2022-10-04 19:21:58;17.4;44.76$;-0.03
2022-10-05 03:23:32;17.32;44.55$;-0.21
2022-10-07 16:40:48;16.92;43.53$;-1.03
2022-10-07 23:06:25;16.86;43.37$;-0.15
2022-10-08 21:36:19;16.8;43.22$;-0.15
2022-10-09 01:14:18;16.74;43.06$;-0.15
2022-10-11 12:59:58;16.02;41.21$;-1.85
2022-10-11 20:50:45;16.11;41.44$;0.23
2022-10-12 23:17:45;15.98;41.11$;-0.33
2022-10-14 06:27:52;15.7;40.39$;-0.72
2022-10-16 22:25:28;15.79;40.62$;0.23
2022-10-17 00:19:07;15.72;40.44$;-0.18
2022-10-19 01:13:16;15.86;40.8$;0.36
2022-10-20 12:50:17;15.26;39.26$;-1.54
2022-10-20 13:25:24;15.31;39.38$;0.13
2022-10-20 13:58:49;15.31;39.38$;0
2022-10-20 15:10:32;15.18;39.05$;-0.33
2022-10-20 15:22:23;15.18;39.05$;0
2022-10-21 08:31:17;15.06;38.74$;-0.31
2022-10-21 16:04:35;15.12;38.9$;0.15
2022-10-21 17:44:09;15.14;38.95$;0.05
2022-10-22 18:56:07;15.62;40.18$;1.23
2022-10-24 13:52:22;16.1;41.42$;1.23
2022-10-24 22:57:36;15.79;40.62$;-0.8
2022-10-26 00:55:49;16.59;42.68$;2.06
2022-10-27 00:13:18;16.99;43.71$;1.03
2022-10-27 23:28:10;17.05;43.86$;0.15
2022-10-29 03:41:46;18.29;47.05$;3.19
2022-10-30 22:14:47;18.32;47.13$;0.08
2022-10-31 17:09:40;19.16;49.29$;2.16
2022-11-03 22:22:11;18.28;47.02$;-2.26
2022-11-06 06:50:55;19.33;49.72$;2.7
2022-11-06 09:19:53;19.45;50.03$;0.31
2022-11-07 10:25:20;18.25;46.95$;-3.09
2022-11-07 11:27:20;18.36;47.23$;0.28
2022-11-07 16:52:13;18.27;47$;-0.23
2022-11-07 19:45:25;18.53;47.67$;0.67
2022-11-07 22:22:20;18.61;47.87$;0.21
2022-11-08 08:51:03;16.89;43.45$;-4.42
2022-11-09 08:08:42;15.73;40.46$;-2.98
2022-11-09 22:11:03;12.95;33.31$;-7.15
2022-11-10 19:19:42;15.41;39.64$;6.33
2022-11-10 20:33:21;15.33;39.44$;-0.21
2022-11-11 10:20:34;14.91;38.35$;-1.08
2022-11-12 13:33:38;13.32;34.26$;-4.09
2022-11-12 18:19:14;13.37;34.39$;0.13
2022-11-13 01:11:57;13.07;33.62$;-0.77
2022-11-16 17:57:45;13.06;33.6$;-0.03
2022-11-16 19:41:15;13.09;33.67$;0.08
2022-11-16 21:04:55;13.07;33.62$;-0.05
2022-11-17 04:36:38;13.18;33.9$;0.28
2022-11-18 01:23:57;12.93;33.26$;-0.64
2022-11-19 03:53:26;12.81;32.95$;-0.31
2022-11-22 05:22:07;11.87;30.53$;-2.42
2022-11-23 05:14:01;12.76;32.82$;2.29
2022-11-23 19:36:13;12.62;32.46$;-0.36
2022-11-25 01:11:33;12.91;33.21$;0.75
2022-11-26 20:07:48;12.75;32.8$;-0.41
2022-11-28 01:09:33;12.92;33.24$;0.44
2022-11-29 05:45:14;12.43;31.98$;-1.26
2022-11-29 09:39:26;12.54;32.26$;0.28
2022-12-01 00:10:59;13.12;33.75$;1.49
2022-12-03 01:35:02;13.66;35.14$;1.39
2022-12-03 08:33:44;13.34;34.32$;-0.82
2022-12-03 17:59:23;13.63;35.06$;0.75
2022-12-04 18:51:05;13.62;35.04$;-0.03
2022-12-05 10:53:33;14.18;36.48$;1.44
2022-12-05 19:38:40;13.8;35.5$;-0.98
2022-12-06 20:23:47;13.52;34.78$;-0.72
2022-12-07 03:30:32;13.63;35.06$;0.28
2022-12-09 08:03:20;13.49;34.7$;-0.36
2022-12-11 04:38:43;13.48;34.68$;-0.03
2022-12-11 21:30:41;13.32;34.26$;-0.41
2022-12-12 17:43:32;12.74;32.77$;-1.49
2022-12-13 19:30:03;13.54;34.83$;2.06
2022-12-15 06:02:45;13.75;35.37$;0.54
2022-12-15 17:51:09;13.36;34.37$;-1
2022-12-16 10:55:06;12.7;32.67$;-1.7
2022-12-17 16:04:09;11.86;30.51$;-2.16
2022-12-19 07:19:00;11.85;30.48$;-0.03
2022-12-23 19:15:19;11.81;30.38$;-0.1
2022-12-23 20:21:36;11.79;30.33$;-0.05
2022-12-24 07:30:31;11.74;30.2$;-0.13
2022-12-25 08:21:38;11.63;29.92$;-0.28
2022-12-28 06:25:09;11.42;29.38$;-0.54
2022-12-29 00:08:00;11.17;28.73$;-0.64
2022-12-29 03:24:35;11.07;28.48$;-0.26
2022-12-29 07:02:06;11.19;28.79$;0.31
2022-12-29 07:51:21;11.18;28.76$;-0.03
2022-12-29 20:46:27;11.1;28.55$;-0.21
2022-12-30 13:53:04;10.74;27.63$;-0.93
2022-12-30 17:42:50;10.78;27.73$;0.1
2022-12-31 18:15:06;10.97;28.22$;0.49
2023-01-05 00:04:00;12.01;30.89$;2.68
2023-01-05 03:40:48;12.04;30.97$;0.08
2023-01-07 16:43:38;11.73;30.17$;-0.8
2023-01-09 19:46:50;12.41;31.92$;1.75
2023-01-12 17:15:41;14.97;38.51$;6.59
2023-01-13 18:53:36;15.48;39.82$;1.31
2023-01-18 17:26:02;16.25;41.8$;1.98
2023-01-18 19:47:33;16.44;42.29$;0.49
2023-01-18 22:24:56;16.19;41.65$;-0.64
2023-01-20 07:53:12;15.97;41.08$;-0.57
2023-01-20 16:25:05;16.2;41.67$;0.59
2023-01-21 04:00:47;17.35;44.63$;2.96
2023-01-21 15:47:39;17.27;44.43$;-0.21
2023-01-23 00:57:00;17.38;44.71$;0.28
2023-01-27 03:48:35;17.83;45.87$;1.16
2023-01-28 20:44:00;20.78;53.45$;7.59
2023-01-30 21:43:06;20.15;51.83$;-1.62
2023-01-30 21:53:39;20.09;51.68$;-0.15
2023-01-30 21:54:36;20.09;51.68$;0
2023-01-30 22:19:09;20.19;51.94$;0.26
2023-01-31 15:42:05;19.83;51.01$;-0.93
2023-02-01 18:54:45;18.87;48.54$;-2.47
2023-02-06 14:51:55;20.1;51.71$;3.16
2023-02-07 08:45:15;20.09;51.68$;-0.03
2023-02-07 08:46:43;20.09;51.68$;0
2023-02-07 08:47:16;20.09;51.68$;0
2023-02-08 07:16:15;20.58;52.94$;1.26
2023-02-08 10:51:17;20.51;52.76$;-0.18
2023-02-10 12:06:57;18.16;46.72$;-6.05
2023-02-10 12:47:38;18;46.3$;-0.41
2023-02-11 06:42:14;17.82;45.84$;-0.46
2023-02-11 19:07:32;17.85;45.92$;0.08
2023-02-11 22:20:24;17.84;45.89$;-0.03
2023-02-11 22:26:43;17.85;45.92$;0.03
2023-02-12 08:28:23;17.98;46.25$;0.33
2023-02-12 18:02:28;18.4;47.33$;1.08
2023-02-13 04:35:16;17.51;45.04$;-2.29
2023-02-14 17:18:41;18.02;46.36$;1.31
2023-02-15 13:45:38;18.61;47.87$;1.52
2023-02-15 13:52:03;18.63;47.92$;0.05
2023-02-15 14:46:32;18.5;47.59$;-0.33
2023-02-16 08:45:46;19.82;50.99$;3.4
2023-02-16 08:54:31;19.82;50.99$;0
2023-02-16 09:16:06;19.85;51.06$;0.08
2023-02-16 09:20:04;19.91;51.22$;0.15
2023-02-16 09:21:25;19.91;51.22$;0
2023-02-18 11:08:48;19.64;50.52$;-0.69
2023-02-18 20:10:42;19.57;50.34$;-0.18
2023-02-19 10:01:15;19.63;50.5$;0.15
2023-02-19 16:42:31;20.11;51.73$;1.23
2023-02-19 17:12:37;20.25;52.09$;0.36
2023-02-19 23:53:38;19.86;51.09$;-1
2023-02-23 21:12:53;19.79;50.91$;-0.18
2023-02-23 21:13:41;19.79;50.91$;0
2023-02-23 21:30:53;19.8;50.93$;0.03
2023-02-26 18:46:10;18.1;46.56$;-4.37
2023-03-01 07:53:10;17.69;45.51$;-1.05
2023-03-03 06:38:34;16.27;41.85$;-3.65
2023-03-03 19:49:03;16.51;42.47$;0.62
2023-03-05 20:34:24;16.37;42.11$;-0.36
2023-03-06 18:19:02;16.56;42.6$;0.49
2023-03-09 14:21:59;15.45;39.74$;-2.86
2023-03-10 16:10:20;14.7;37.81$;-1.93
2023-03-12 14:25:28;14.47;37.22$;-0.59
2023-03-13 07:04:09;16.01;41.18$;3.96
2023-03-13 15:08:11;15.96;41.06$;-0.13
2023-03-14 19:45:36;17.59;45.25$;4.19
2023-03-15 09:54:32;17.36;44.66$;-0.59
2023-03-16 09:07:00;15.85;40.77$;-3.88
2023-03-17 03:06:34;16.16;41.57$;0.8
2023-03-17 16:07:02;16.48;42.39$;0.82
2023-03-18 02:02:15;17.92;46.1$;3.7
2023-03-18 07:35:44;17.83;45.87$;-0.23
2023-03-19 18:17:50;18.02;46.36$;0.49
2023-03-20 10:27:08;17.53;45.09$;-1.26
2023-03-21 02:16:29;16.85;43.35$;-1.75
2023-03-22 04:37:23;17.57;45.2$;1.85
2023-03-22 17:39:10;17.73;45.61$;0.41
2023-03-24 23:56:59;17.11;44.01$;-1.59
2023-03-25 09:11:43;16.98;43.68$;-0.33
2023-03-25 10:33:54;16.79;43.19$;-0.49
2023-03-26 21:17:04;17.1;43.99$;0.8
2023-03-28 09:27:27;16.41;42.21$;-1.78
2023-03-28 18:13:56;16.62;42.75$;0.54
2023-03-28 18:58:58;16.51;42.47$;-0.28
2023-03-29 09:44:10;17.2;44.25$;1.78
2023-03-29 14:59:12;17.24;44.35$;0.1
2023-03-29 19:57:52;17.24;44.35$;0
2023-04-04 16:32:34;17.41;44.79$;0.44
2023-04-04 16:33:32;17.42;44.81$;0.03
2023-04-04 16:43:18;17.42;44.81$;0
2023-04-04 16:52:14;17.41;44.79$;-0.03
2023-04-04 17:02:11;17.42;44.81$;0.03
2023-04-04 21:01:11;17.52;45.07$;0.26
2023-04-06 17:46:37;18.21;46.84$;1.78
2023-04-07 10:46:02;17.74;45.63$;-1.21
2023-04-18 20:06:30;20.89;53.74$;8.1
2023-04-20 18:48:43;18.6;47.85$;-5.89
2023-04-21 19:44:11;17.48;44.97$;-2.88
2023-04-26 20:38:00;18;46.3$;1.34
2023-05-07 14:32:53;16.61;42.73$;-3.58
2023-05-07 16:45:08;16.68;42.91$;0.18
2023-05-08 17:47:59;15.78;40.59$;-2.32
2023-05-08 18:36:18;15.72;40.44$;-0.15
2023-05-10 19:48:19;15.28;39.31$;-1.13
2023-05-17 23:39:54;15.22;39.15$;-0.15
2023-05-18 23:41:11;14.71;37.84$;-1.31
2023-05-22 16:45:14;14.59;37.53$;-0.31
2023-05-24 07:05:13;14.44;37.15$;-0.39
2023-05-24 13:11:58;14.34;36.89$;-0.26
2023-05-30 19:14:10;14.47;37.22$;0.33
2023-06-01 01:24:40;14.12;36.32$;-0.9
2023-06-01 21:11:07;14.25;36.66$;0.33
2023-06-03 15:12:00;14.54;37.4$;0.75
2023-06-10 00:16:09;13.83;35.58$;-1.83
2023-11-15 00:08:59;17.15;44.12$;8.54
2023-11-15 00:13:55;17.15;44.12$;0
2023-11-17 01:16:39;21.87;56.26$;12.14
2023-12-19 17:49:17;39.21;100.86$;44.61
